"","Cheese","Yoghurt","Total Milk","Fruits","Refined Grains","Whole Grains","Nuts And Seeds","Total Processed Meats","Unprocessed Red Meats","Fish","Shellfish","Eggs","Total Salt","Added Sugars","Non-Starchy Vegetables","Potatoes","Other Starchy Vegetables","Beans And Legumes","Sugar-sweetened Beverages","Fruit Juices","Coffee"
"France",1.297359658,0.331499924,18.29861921,1.149049626,7.593090459,0.35243625,0.070547945,15.02585384,1.745268971,10.6160226,0.134079333,0.001314478,0.001608243,0.041855769,1.389762877,0.680595555,0.005950713,0.025641821,0.04325195,0.006843136,0.001385024
"Germany",1.379049247,0.105426156,17.31316886,1.083512889,5.547134614,0.359597321,0.070410959,20.80680272,1.209038948,10.40129622,0.020828546,0.001461638,0.000401678,0.047691844,1.258739137,0.814970968,0.000830332,0.024810194,0.057051045,0.005633499,0.00159953
"Norway",1.069488699,1.134648808,17.37286246,1.08754806,3.262553317,1.067434825,0.05109589,7.876393686,1.870134404,6.35092631,0.154580603,0.001322224,0.071659935,0.202771783,0.99517294,0.720728273,0.006781046,0.140129086,0.040340924,0.002007282,0.002216568
"Russia",0.547105274,0.512898951,13.96425646,0.873684016,4.714617696,1.292272168,0.029315068,8.024068951,2.08226084,17.00337234,0.02495919,0.001827877,0.072780232,0.123148949,1.439604363,1.313170236,0,0.03562134,0.038534276,0.011939492,0.000381345
"Spain",0.325683493,0.039714434,15.71459436,1.455026876,7.548112531,0.254215765,0.185753425,18.58328172,2.363550146,7.546394228,0.196729182,0.001582242,0.031608059,0.036343321,1.670587205,0.824934954,0.008995265,0.089399862,0.06258705,0.013470701,0.001008975
"Sweden",1.765999932,0.591759544,17.89695207,0.815800189,4.61211416,0.671254578,0.050273973,10.40592971,1.677666823,22.49734259,0.115629903,0.001594414,0.082098564,0.087853533,1.177280752,0.730830647,0.005535547,0.027998096,0.044673482,0.006135337,0.002674711
