"","Cheese","Yoghurt","Total Milk","Fruits","Refined Grains","Whole Grains","Nuts And Seeds","Total Processed Meats","Unprocessed Red Meats","Fish","Shellfish","Eggs","Total Salt","Added Sugars","Non-Starchy Vegetables","Potatoes","Other Starchy Vegetables","Beans And Legumes","Sugar-sweetened Beverages","Fruit Juices","Coffee"
"Argentina",0.074165548,0.284262265,16.35908294,1.107723913,9.804294505,0.08424266,0.005890411,10.7282088,3.423322764,12.70046139,0.037180997,0.001778086,0.003133815,0.215302623,0.976948353,0.518404015,0.099501465,0.039779473,0.039021335,0.001217957,0.000214507
"Brazil",0.059117466,0.083559086,14.31634755,1.769491898,18.45721018,0.045386761,0.04369863,16.50633514,2.349048752,15.73206559,0.010457199,0.001341034,0.047441802,0.201822476,0.717800238,0.258094898,0.02214219,0.187670407,0.037095754,0.028159358,0.001604827
