"","Cheese","Yoghurt","Total Milk","Fruits","Refined Grains","Whole Grains","Nuts And Seeds","Total Processed Meats","Unprocessed Red Meats","Fish","Shellfish","Eggs","Total Salt","Added Sugars","Non-Starchy Vegetables","Potatoes","Other Starchy Vegetables","Beans And Legumes","Sugar-sweetened Beverages","Fruit Juices","Coffee"
"Canada",0.994248288,0.05994805,16.83258475,1.33884179,7.084242928,0.442340824,0.101917808,14.3388351,2.062345734,14.95963448,0.107110597,0.001660801,0.026216577,0.267941646,1.424141076,1.075418474,0.025740295,0.173532755,0.041722812,0.007457941,0.001819333
"Mexico",0.034395616,0.376534866,9.283873155,1.615320551,9.644286504,0.10596195,0.04890411,8.913740506,1.894676271,37.47474315,0.052614421,0.002219565,0.00623669,0.050086684,1.083948773,0.209797247,0.004705215,0.145396054,0.03584979,0.003681925,0.000140356
