"","Cheese","Yoghurt","Total Milk","Fruits","Refined Grains","Whole Grains","Nuts And Seeds","Total Processed Meats","Unprocessed Red Meats","Fish","Shellfish","Eggs","Total Salt","Added Sugars","Non-Starchy Vegetables","Potatoes","Other Starchy Vegetables","Beans And Legumes","Sugar-sweetened Beverages","Fruit Juices","Coffee"
"Argentina",0.074165548,0.284262265,16.35908294,1.107723913,9.804294505,0.08424266,0.005890411,10.7282088,3.423322764,12.70046139,0.037180997,0.001778086,0.003133815,0.215302623,0.976948353,0.518404015,0.099501465,0.039779473,0.039021335,0.001217957,0.000214507
"Brazil",0.059117466,0.083559086,14.31634755,1.769491898,18.45721018,0.045386761,0.04369863,16.50633514,2.349048752,15.73206559,0.010457199,0.001341034,0.047441802,0.201822476,0.717800238,0.258094898,0.02214219,0.187670407,0.037095754,0.028159358,0.001604827
"Colombia",0.047293973,0.045350007,11.16675109,1.295985495,19.74143089,0.098109288,0.012465753,11.90098749,1.252624484,4.940784653,0.003987306,0.001508109,0.002157135,0.35019902,0.889553171,0.791306503,0.477302576,0.115457496,0.028515591,0.004931995,0.000391938
"Paraguay",0,0.58455415,4.445655911,1.063615324,12.26763911,0.639582473,0.022054795,3.290376917,1.374333167,2.96743823,0.001374933,0.002052489,0.003737609,0.129580282,0.680522672,0.075837,0.094104306,0.135000721,0.04325195,0.004309571,0.000185376
"Peru",0.022572123,0.045741778,5.571740351,1.705068312,27.25256125,0.121895206,0.014246575,4.464714787,1.506890356,16.64732847,0.030248531,0.001148509,0.004398668,0.107983569,1.070694527,1.26002898,0.088291981,0.138743041,0.02954068,0.002926923,0.00092688
"Uruguay",0.190250753,0.460310783,19.43482121,1.124699458,11.39744329,0.196241307,0.019452055,8.629981709,1.282118019,5.920039269,0.016657389,0.001271326,0.004843536,0.261343969,0.828528415,0.390809648,0.252420962,0.041442727,0.03291611,0.002126361,0.000190672
